"","Economy","IT","Life_Cult","Politics","Society","World"
"1",0.117118604214256,0.99949746901787,0.841435096950141,0.00000000504431531197069,0.000000000770711333276833,0.0747577711718722
